channel_id,name,subscribers,link,description,create_date,message_cnt
0,–¢–∏–Ω—å–∫–æ—Ñ—Ñ –ò–Ω–≤–µ—Å—Ç–∏—Ü–∏–∏,670825,https://t.me/tinkoff_invest_official,–û—Ñ–∏—Ü–∏–∞–ª—å–Ω—ã–π –∫–∞–Ω–∞–ª –¢–∏–Ω—å–∫–æ—Ñ—Ñ.,2019-09-04 15:50:32,44.0
1,–ê–ª—å—Ñ–∞-–ò–Ω–≤–µ—Å—Ç–∏—Ü–∏–∏,415942,https://t.me/alfa_investments,"–û—Ñ–∏—Ü–∏–∞–ª—å–Ω—ã–π –∫–∞–Ω–∞–ª –ê–ª—å—Ñ–∞-–ò–Ω–≤–µ—Å—Ç–∏—Ü–∏–π —Å –∏–Ω–≤–µ—Å—Ç–∏–¥–µ—è–º–∏, –ø—Ä–æ–≥–Ω–æ–∑–∞–º–∏ –∏ —Å–æ–≤–µ—Ç–∞–º–∏, –∫–∞–∫ —É–ø—Ä–∞–≤–ª—è—Ç—å –ø–æ—Ä—Ç—Ñ–µ–ª–µ–º.",2021-06-18 14:04:01,384.0
2,–ú–æ–∏ –ò–Ω–≤–µ—Å—Ç–∏—Ü–∏–∏,286117,https://t.me/omyinvestments,"–ò–Ω–≤–µ—Å—Ç–∏–¥–µ–∏, –æ–±–∑–æ—Ä—ã —Ä—ã–Ω–∫–∞ –∏ –º–Ω–æ–≥–æ–µ –¥—Ä—É–≥–æ–µ –æ—Ç –ª—É—á—à–∏—Ö –∞–Ω–∞–ª–∏—Ç–∏–∫–æ–≤ —Ä—ã–Ω–∫–∞",2019-09-12 12:53:25,11.0
3,bitkogan,284405,https://t.me/bitkogan,–ê–≤—Ç–æ—Ä—Å–∫–∏–π –∫–∞–Ω–∞–ª –ï–≤–≥–µ–Ω–∏—è –ö–æ–≥–∞–Ω–∞,2018-01-14 14:46:07,1777.0
4,–°–±–µ—Ä–ò–Ω–≤–µ—Å—Ç–∏—Ü–∏–∏,232751,https://t.me/SberInvestments,"–ö–∞–Ω–∞–ª –°–±–µ—Ä–ò–Ω–≤–µ—Å—Ç–∏—Ü–∏–∏, –≤ –∫–æ—Ç–æ—Ä–æ–º –º—ã —Ä–∞—Å—Å–∫–∞–∑—ã–≤–∞–µ–º –æ –Ω–æ–≤–æ—Å—Ç—è—Ö –Ω–∞ —Ä—ã–Ω–∫–∞—Ö, –∏–Ω–≤–µ—Å—Ç–∏—Ü–∏–æ–Ω–Ω—ã—Ö –ø—Ä–æ–≥–Ω–æ–∑–∞—Ö, –∏–Ω—Å—Ç—Ä—É–º–µ–Ω—Ç–∞—Ö –∏ –ª–∞–π—Ñ—Ö–∞–∫–∞—Ö –¥–ª—è –Ω–∞—á–∏–Ω–∞—é—â–∏—Ö –∏ –æ–ø—ã—Ç–Ω—ã—Ö –∏–Ω–≤–µ—Å—Ç–æ—Ä–æ–≤.",2020-07-24 16:15:43,419.0
6,InvestFuture,194786,https://t.me/investfuture,–ú–µ–¥–∏–∞ –ø—Ä–æ –¥–µ–Ω—å–≥–∏ https://t.me/addlist/OhM2a9HhZZsyY2My,2017-11-15 10:25:25,4635.0
8,–õ–∏–º–æ–Ω –Ω–∞ —á–∞–π,152532,https://t.me/lemonfortea,"–†–µ–∞–ª—å–Ω—ã–π –æ–ø—ã—Ç –∏–Ω–≤–µ—Å—Ç–æ—Ä–∞, —Å–æ –≤—Å–µ–º–∏ –≥—Ä–∞–±–ª—è–º–∏ –∏ —É—Å–ø–µ—Ö–∞–º–∏. –° –ø–æ–Ω—è—Ç–Ω—ã–º–∏ —Å—Ç—Ä–∞—Ç–µ–≥–∏—è–º–∏ –∏ –ø–æ–¥—Ä–æ–±–Ω—ã–º–∏ –∏–Ω—Å—Ç—Ä—É–∫—Ü–∏—è–º–∏, –∫–∞–∫ –Ω–∞–¥–æ –∏ –∫–∞–∫ –Ω–µ –Ω–∞–¥–æ.",2017-10-06 07:15:03,55.0
9,–†—ã–Ω–∫–∏–î–µ–Ω—å–≥–∏–í–ª–∞—Å—Ç—å | –†–î–í,150076,https://t.me/AK47pfl,"–∞–Ω–∞–ª–∏—Ç–∏–∫–∞ –ø–æ —Ä–æ—Å—Å–∏–π—Å–∫–æ–º—É —Ä—ã–Ω–∫—É —Ü–µ–Ω–Ω—ã—Ö –±—É–º–∞–≥, –∫–æ—Ç–æ—Ä–∞—è —Ä–∞–Ω–µ–µ –±—ã–ª–∞ –¥–æ—Å—Ç—É–ø–Ω–∞ –ª–∏—à—å —Ñ–∏–Ω–∞–Ω—Å–æ–≤—ã–º —ç–ª–∏—Ç–∞–º. –í–ø–µ—Ä–µ–¥–∏ –±—Ä–æ–∫–µ—Ä–æ–≤ –∏ –±–∞–Ω–∫–æ–≤.",2017-04-05 08:43:54,19.0
10,IF Stocks,121468,https://t.me/if_stocks,–†–µ–∫–ª–∞–º–∞: https://t.me/IF_adv,2020-09-20 21:40:46,3118.0
11,–ù–∞ –ø–µ–Ω—Å–∏—é –≤ 35 –ª–µ—Ç,111125,https://t.me/pensiya35,–í 35 –ª–µ—Ç –º–æ–∏ –¥–æ—Ö–æ–¥—ã –æ—Ç –∏–Ω–≤–µ—Å—Ç–∏—Ü–∏–π –ø—Ä–µ–≤—ã—Å–∏–ª–∏ —Ä–∞—Å—Ö–æ–¥—ã. –ò —è –≤—ã—à–µ–ª –Ω–∞ –ø–µ–Ω—Å–∏—é. –í —ç—Ç–æ–º –±–ª–æ–≥–µ —è —Ä–∞—Å—Å–∫–∞–∂—É –∫–∞–∫ –º–Ω–µ —ç—Ç–æ —É–¥–∞–ª–æ—Å—å.,2019-09-24 10:29:11,378.0
12,Spydell_finance,110562,https://t.me/spydell_finance,"–§–∏–Ω–∞–Ω—Å–æ–≤—ã–µ —Ä—ã–Ω–∫–∏, —ç–∫–æ–Ω–æ–º–∏–∫–∞, –∫–æ—Ä–ø–æ—Ä–∞—Ç–∏–≤–Ω–∞—è –∞–Ω–∞–ª–∏—Ç–∏–∫–∞, —Ñ–∏–Ω–∞–Ω—Å–æ–≤–æ-—ç–∫–æ–Ω–æ–º–∏—á–µ—Å–∫–∞—è –∏–Ω—Ñ–æ–≥—Ä–∞—Ñ–∏–∫–∞ –∏ —Å—Ç–∞—Ç–∏—Å—Ç–∏–∫–∞.",2020-11-27 18:51:09,246.0
14,investify! ‚Ä¢ –§–∏–Ω–∞–Ω—Å—ã,104106,https://t.me/ifinvest,"–î—Ä—É–≥–æ–π –≤–∑–≥–ª—è–¥ –Ω–∞ —ç–∫–æ–Ω–æ–º–∏–∫—É, —Ñ–∏–Ω–∞–Ω—Å—ã –∏ –∏–Ω–≤–µ—Å—Ç–∏—Ü–∏–∏.",2021-05-21 14:58:31,4964.0
15,–ò–Ω–≤–µ—Å—Ç–∏—Ü–∏–∏ –Ω–∞ –¥–∏–≤–∞–Ω–µ,102845,https://t.me/div_invest,"–ü—Ä–æ—Å—Ç—ã–º —è–∑—ã–∫–æ–º —Ä–∞—Å—Å–∫–∞–∑—ã–≤–∞—é –æ–± –∏–Ω–≤–µ—Å—Ç–∏—Ü–∏—è—Ö –∏ –ª–∏—á–Ω—ã—Ö —Ñ–∏–Ω–∞–Ω—Å–∞—Ö. –û–±—ä—è—Å–Ω—è—é –ø—Ä–∏–Ω—Ü–∏–ø—ã —Ä–∞–±–æ—Ç—ã —Å —Ñ–æ–Ω–¥–æ–≤—ã–º —Ä—ã–Ω–∫–æ–º. –î–µ–ª—é—Å—å —Å–æ–±—Å—Ç–≤–µ–Ω–Ω—ã–º –æ–ø—ã—Ç–æ–º –∏ –∏–Ω—Å–∞–π—Ç–∞–º–∏, –∫–æ—Ç–æ—Ä—ã–µ –≤—ã –±–æ–ª—å—à–µ –Ω–∏–≥–¥–µ –Ω–µ –Ω–∞–π–¥–µ—Ç–µ.",2019-09-03 09:03:22,687.0
16,–°–∞–º —Ç—ã –∏–Ω–≤–µ—Å—Ç–æ—Ä!,96389,https://t.me/selfinvestor,"–†–∞—Å—Å–∫–∞–∑—ã–≤–∞–µ–º –æ —Ñ–æ–Ω–¥–æ–≤–æ–º —Ä—ã–Ω–∫–µ –∏ –ª–∏—á–Ω—ã—Ö —Ñ–∏–Ω–∞–Ω—Å–∞—Ö. –û—Ñ–∏—Ü–∏–∞–ª—å–Ω—ã–π –∫–∞–Ω–∞–ª —Å–µ—Ä–≤–∏—Å–∞ –†–ë–ö –ò–Ω–≤–µ—Å—Ç–∏—Ü–∏–∏ –¥–ª—è —Ç–µ—Ö, –∫—Ç–æ –∑–∞–±–æ—Ç–∏—Ç—Å—è –æ —Å–≤–æ–∏—Ö –¥–µ–Ω—å–≥–∞—Ö.",2020-03-03 08:46:53,540.0
17,–î–∏–≤–∏–¥–µ–Ω–¥—ã Forever,89092,https://t.me/divForever,"–≠—Ç–æ—Ç –∫–∞–Ω–∞–ª-–ª–µ–Ω—Ç–∞ –Ω–æ–≤–æ—Å—Ç–µ–π, —Ñ–∞–∫—Ç–æ–≤, –æ–±–æ–±—â–∞—é—â–∏—Ö —Ç–∞–±–ª–∏—Ü –∏ –∫–æ–º–º–µ–Ω—Ç–∞—Ä–∏–µ–≤ , –∫–æ—Ç–æ—Ä—ã–µ —è —Å–∞–º–∞ –∏—Å–ø–æ–ª—å–∑—É—é –¥–ª—è  –î–∏–≤–∏–¥–µ–Ω–¥–Ω–æ–≥–æ –ò–Ω–≤–µ—Å—Ç–∏—Ä–æ–≤–∞–Ω–∏—è.–° —É–≤–∞–∂–µ–Ω–∏–µ–º –õ–∞—Ä–∏—Å–∞ –ú–æ—Ä–æ–∑–æ–≤–∞. –ü–û –í–°–ï–ú –í–û–ü–†–û–°–ê–ú –¢–û–õ–¨–ö–û @LaraMdivi",2018-03-17 18:10:31,7.0
18,–§–∏–Ω–∞–Ω—Å–æ–≤–∞—è –Ωe–∑a–≤–∏—Å–∏–º–æ—Å—Ç—å,79526,https://t.me/fndb777,–Ø –∏–Ω–≤–µ—Å—Ç–∏—Ä—É—é –±–æ–ª–µ–µ 23 –ª–µ—Ç. –î–æ—Å—Ç–∏–≥ —Ñ–∏–Ω–∞–Ω—Å–æ–≤–æ–π –Ω–µ–∑–∞–≤–∏—Å–∏–º–æ—Å—Ç–∏. –î–µ–ª—é—Å—å —Å–≤–æ–∏–º –æ–ø—ã—Ç–æ–º. –ò–Ω—Ñ–æ—Ä–º–∞—Ü–∏—è –Ω–∞ –º–æ–µ–º –∫–∞–Ω–∞–ª–µ –Ω–µ —è–≤–ª—è–µ—Ç—Å—è –∏–Ω–¥–∏–≤–∏–¥—É–∞–ª—å–Ω–æ–π –∏–Ω–≤–µ—Å—Ç–∏—Ü–∏–æ–Ω–Ω–æ–π —Ä–µ–∫–æ–º–µ–Ω–¥–∞—Ü–∏–µ–π.,2021-06-16 20:09:33,58.0
19,–î–û–•–û–î–™,73794,https://t.me/dohod,–£–ø—Ä–∞–≤–ª—è—é—â–∏–µ –∏ –∞–Ω–∞–ª–∏—Ç–∏–∫–∏ –£–ö –î–û–•–û–î–™,2016-03-03 14:24:50,2276.0
20,Alfa Wealth,72431,https://t.me/alfawealth,–ê–ª–µ–∫—Å–µ–π –ö–ª–∏–º—é–∫. –†–µ–∫–ª–∞–º—É –Ω–µ –¥–∞—é. –ü–ª–∞—Ç–Ω—ã—Ö –∫–∞–Ω–∞–ª–æ–≤ –Ω–µ –≤–µ–¥—É. –ö—É—Ä—Å—ã –Ω–µ –ø—Ä–æ–¥–∞—é.,2018-10-19 12:45:29,630.0
21,–°–ú–ê–†–¢–õ–ê–ë,70651,https://t.me/smartlabnews,–°–∞–º—ã–µ –∏–Ω—Ç–µ—Ä–µ—Å–Ω—ã–µ –∏ –ø–æ–ª–µ–∑–Ω—ã–µ –º–∞—Ç–µ—Ä–∏–∞–ª—ã —Å —Å–∞–π—Ç–∞ smart-lab.ru!,2016-07-17 20:05:58,957.0
22,–î–ò–í–ò–î–ï–ù–î–´ INVESTMINT,64575,https://t.me/investmint,–î–∏–≤–∏–¥–µ–Ω–¥—ã —Ä–æ—Å—Å–∏–π—Å–∫–∏—Ö –∫–æ–º–ø–∞–Ω–∏–π  –∫–∞–Ω–∞–ª –æ—Å–Ω–æ–≤–∞—Ç–µ–ª—è @mintering  —Ä–µ–∫–ª–∞–º–∞ @investmintru,2018-07-09 11:03:57,30.0
23,–õ–µ–Ω–∏–≤—ã–π –∏–Ω–≤–µ—Å—Ç–æ—Ä,64224,https://t.me/smfanton,"–í—ã—à–µ–ª –Ω–∞ —Ä–∞–Ω—é—é –ø–µ–Ω—Å–∏—é —Å–∞–º –∏ –ø–æ–º–æ–≥–∞—é –¥—Ä—É–≥–∏–º. –ü—É–±–ª–∏—á–Ω–æ –∏–Ω–≤–µ—Å—Ç–∏—Ä—É—é 3 000 000+ —Ä—É–±–ª–µ–π. –§–∏–Ω–∞–Ω—Å–æ–≤—ã–π —Å–æ–≤–µ—Ç–Ω–∏–∫, –≤ —Å–æ–ø—Ä–æ–≤–æ–∂–¥–µ–Ω–∏–∏ –±–æ–ª–µ–µ 1 –º–ª—Ä–¥ —Ä—É–±–ª–µ–π. –û–±–æ –º–Ω–µ: https://taplink.cc/lenivy.investor",2017-04-20 15:53:22,1697.0
24,Invest Era,63866,https://t.me/usamarke1,–ê–≤—Ç–æ—Ä—Å–∫–∏–π –∫–∞–Ω–∞–ª —Ñ–∏–Ω–∞–Ω—Å–æ–≤–æ–≥–æ –∞–Ω–∞–ª–∏—Ç–∏–∫–∞  –ê—Ä—Ç—ë–º–∞ –ù–∏–∫–æ–ª–∞–µ–≤–∞,2020-01-14 17:35:13,52.0
25,–°—ã–Ω –ë–∞—Ñ—Ñ–µ—Ç–∞ | –ò–Ω–≤–µ—Å—Ç–∏—Ü–∏–∏,62869,https://t.me/SonBuffet,–í–æ–ø—Ä–æ—Å—ã/–†–µ–∫–ª–∞–º–∞ ‚Äî @SonBuffetBot,2020-09-03 22:39:30,3184.0
26,IF Bonds ‚Äî –û–±–ª–∏–≥–∞—Ü–∏–∏ –†–§,62795,https://t.me/if_bonds,–†–µ–∫–ª–∞–º–∞: https://t.me/IF_adv,2021-06-25 08:34:24,1460.0
27,–®–∫–æ–ª–∞ –±–µ–∑–æ–ø–∞—Å–Ω—ã—Ö –∏–Ω–≤–µ—Å—Ç–∏—Ü–∏–π,62311,https://t.me/finraonline,–ü—Ä–æ—Ñ–µ—Å—Å–∏–æ–Ω–∞–ª—å–Ω–æ–µ –æ–Ω–ª–∞–π–Ω-–æ–±—É—á–µ–Ω–∏–µ –¥–ª—è –∏–Ω–≤–µ—Å—Ç–æ—Ä–æ–≤ ‚Ññ1 –≤ –†–æ—Å—Å–∏–∏,2020-04-15 14:57:14,188.0
29,–§–ò–ù–ê–ù–°–û–í–´–ï –î–£–ú–ö–ò,60728,https://t.me/MarketDumki,"–ê–≤—Ç–æ—Ä—Å–∫–∏–π –∫–∞–Ω–∞–ª –æ —Ñ–∏–Ω–∞–Ω—Å–æ–≤—ã—Ö —Ä—ã–Ω–∫–∞—Ö –∏ –º–∏—Ä–æ–≤–æ–π —ç–∫–æ–Ω–æ–º–∏–∫–µ, –æ–± –∏–Ω–≤–µ—Å—Ç–∏—Ü–∏—è—Ö –∏ —Ç—Ä–µ–π–¥–∏–Ω–≥–µ",2017-10-29 10:09:35,19.0
30,–î–∏–≤–∏–¥–µ–Ω–¥—ã –æ–Ω–ª–∞–π–Ω,60676,https://t.me/divonline,"–î–∏–≤–∏–¥–µ–Ω–¥—ã ‚Äî —ç—Ç–æ —á–∞—Å—Ç—å –ø—Ä–∏–±—ã–ª–∏, –∫–æ—Ç–æ—Ä—É—é –∞–∫—Ü–∏–æ–Ω–µ—Ä—ã –ø–æ–ª—É—á–∞—é—Ç –æ—Ç –∫–æ–º–ø–∞–Ω–∏–∏. –•–æ—Ç–∏—Ç–µ –∑–Ω–∞—Ç—å –∫—Ç–æ, –∫–æ–≥–¥–∞ –∏ —Å–∫–æ–ª—å–∫–æ –≤–∞–º –∑–∞–ø–ª–∞—Ç–∏—Ç? –¢–æ–≥–¥–∞ –≤–∞–º –∫ –Ω–∞–º!",2018-06-11 08:18:42,61.0
31,–ë–ö–° –≠–∫—Å–ø—Ä–µ—Å—Å,58376,https://t.me/bcs_express,"–û—Ñ–∏—Ü–∏–∞–ª—å–Ω—ã–π –∫–∞–Ω–∞–ª –∏–∑–¥–∞–Ω–∏—è –ë–ö–° –≠–∫—Å–ø—Ä–µ—Å—Å. –í—Å–µ –æ–± –∏–Ω–≤–µ—Å—Ç–∏—Ü–∏—è—Ö: –Ω–æ–≤–æ—Å—Ç–∏, –∞–Ω–∞–ª–∏—Ç–∏–∫–∞, –∏–¥–µ–∏ –∏ —Ä–µ–∫–æ–º–µ–Ω–¥–∞—Ü–∏–∏.",2015-11-18 16:09:32,238.0
32,–ò–Ω–≤–µ—Å—Ç–∏—Ü–∏–∏ —Å –û–∫—Å–∞–Ω–æ–π –ú–∞—â–µ–Ω–∫–æ,56978,https://t.me/investoksana,"–ê–≤—Ç–æ—Ä—Å–∫–∏–π –∫–∞–Ω–∞–ª –∫–≤–∞–ª–∏—Ñ–∏—Ü–∏—Ä–æ–≤–∞–Ω–Ω–æ–≥–æ –∏–Ω–≤–µ—Å—Ç–æ—Ä–∞: –Ω–æ–≤–æ—Å—Ç–∏, –∞–Ω–∞–ª–∏—Ç–∏–∫–∞, —Å–¥–µ–ª–∫–∏.",2020-02-20 04:39:05,212.0
34,KondrashovInvest,51123,https://t.me/Kondrashovinvest,–ö–∞–Ω–∞–ª –æ–± –∏–Ω–≤–µ—Å—Ç–∏—Ü–∏—è—Ö –≤ —Ä–∞–∑–ª–∏—á–Ω—ã–µ –∫–æ–º–ø–∞–Ω–∏–∏ –¥–æ –≤—ã—Ö–æ–¥–∞ –Ω–∞ –±–∏—Ä–∂–∏. –ü–æ–∫—É–ø–∫–∞ IPO. –í–ª–æ–∂–∏–ª 4 –º–ª–Ω —Ä—É–±–ª–µ–π –≤ –º–∞—Ä—Ç–µ 2019 –≥–æ–¥–∞. –°–≤–æ—è –∫–æ–º–∞–Ω–¥–∞ –∞–Ω–∞–ª–∏—Ç–∏–∫–æ–≤,2019-03-14 16:23:45,655.0
35,Invest Heroes,50528,https://t.me/InvestHeroes,–ü—É—Ç—å –æ—Ç –¢–µ–ª–µ–≥—Ä–∞–º-–∫–∞–Ω–∞–ª–∞ –¥–æ –∏–Ω–≤–µ—Å—Ç–∏—Ü–∏–æ–Ω–Ω–æ–π –∫–æ–º–ø–∞–Ω–∏–∏!,2018-04-08 22:06:16,77.0
36,–ó–∞–ª–∏–º –°–æ—Ö–æ–≤ - ON FLEEK investing,49418,https://t.me/onfleek419,–ê–≤—Ç–æ—Ä –∫–∞–Ω–∞–ª–∞ - –ó–∞–ª–∏–º –°–æ—Ö–æ–≤ @onfleek024,2019-11-21 20:54:18,4432.0
37,üí∞ WALL STREET PRO,43658,https://t.me/thewallstreetpro,–ê–≤—Ç–æ—Ä—Å–∫–∏–π –æ–± –∏–Ω–≤–µ—Å—Ç–∏—Ü–∏—è—Ö –Ω–∞ –≥–ª–æ–±–∞–ª—å–Ω—ã—Ö —Ä—ã–Ω–∫–∞—Ö.,2017-10-07 09:05:32,833.0
38,–ò–∫—Å–∞–Ω—É–ª,41778,https://t.me/xsanul,"–û —Ç–æ–º, –∫–∞–∫ –æ—Ç–Ω–æ—Å–∏—Ç—å—Å—è –∫ –¥–µ–Ω—å–≥–∞–º –∏ —á—Ç–æ –¥–µ–ª–∞—Ç—å —Å –Ω–∏–º–∏.",2021-06-02 00:17:46,4088.0
39,–ö–ò–¢–´ –ò–Ω–≤–µ—Å—Ç–∏—Ü–∏–πüêã,40267,https://t.me/kitinvest,–ü—Ä–∞–∫—Ç–∏–∫–∞ –∏–Ω–≤–µ—Å—Ç–∏—Ü–∏–π. –û–±–∑–æ—Ä—ã. –ú–Ω–µ–Ω–∏—è. –ò–Ω—Å—Ç—Ä—É–∫—Ü–∏–∏. –ê–≤—Ç–æ—Ä @fakeev,2019-08-02 09:05:28,1042.0
41,–ü—É—Ç—å –∏–Ω–≤–µ—Å—Ç–æ—Ä–∞,38449,https://t.me/put_investor,"–ê—Ä—Ç—ë–º, –∫–≤–∞–ª–∏—Ñ–∏—Ü–∏—Ä–æ–≤–∞–Ω–Ω—ã–π –∏–Ω–≤–µ—Å—Ç–æ—Ä –∏ –∞–≤—Ç–æ—Ä YouTube –∫–∞–Ω–∞–ª–∞ ¬´–ü—É—Ç—å –∏–Ω–≤–µ—Å—Ç–æ—Ä–∞¬ª –æ–±—ã—á–Ω—ã–º —è–∑—ã–∫–æ–º —Ä–∞—Å—Å–∫–∞–∑—ã–≤–∞–µ—Ç –æ —Å–ª–æ–∂–Ω–æ–º –º–∏—Ä–µ –∏–Ω–≤–µ—Å—Ç–∏—Ü–∏–π",2020-09-20 12:43:37,23.0
42,INSpace | –ò–Ω–≤–µ—Å—Ç–∏—Ü–∏–∏,38359,https://t.me/INSpac3,"–û–ø—ã—Ç–Ω—ã–π –∏–Ω–≤–µ—Å—Ç–æ—Ä –¥–µ–ª–∏—Ç—Å—è —Å–≤–æ–∏–º–∏ –∏–¥–µ—è–º–∏, –ø—Ä–æ–≥–Ω–æ–∑–∞–º–∏ –∏ —É—Å–ø–µ—Ö–∞–º–∏.",2021-10-11 10:11:16,2272.0
43,–ò–Ω–≤–µ—Å—Ç–¢–µ–º–∞ | –õ–∏—Ç–≤–∏–Ω–æ–≤ –í–ª–∞–¥–∏–º–∏—Ä,36447,https://t.me/particular_trader,–ö–∞–Ω–∞–ª –æ–± –∏–Ω–≤–µ—Å—Ç–∏—Ü–∏—è—Ö –Ω–∞ —Ñ–∏–Ω–∞–Ω—Å–æ–≤—ã—Ö —Ä—ã–Ω–∫–∞—Ö,2017-05-25 19:42:06,25.0
44,"–°–µ—Ä–≥–µ–π –ï–ª–∏—Å–µ–µ–≤ - –ö—É—Ä—Å –¥–æ–ª–ª–∞—Ä–∞, –µ–≤—Ä–æ –∏ —Ä—É–±–ª—è, –¥–µ–Ω—å–≥–∏ –∏ –∏–Ω–≤–µ—Å—Ç–∏—Ü–∏–∏",35832,https://t.me/SergeiEliseevOfficial,"–ö—É—Ä—Å –¥–æ–ª–ª–∞—Ä–∞, —ç–∫–æ–Ω–æ–º–∏–∫–∞, –¥–µ–Ω—å–≥–∏ –∏ –∏–Ω–≤–µ—Å—Ç–∏—Ü–∏–∏.",2019-10-10 11:55:03,878.0
45,Investmeal,34240,https://t.me/investmeal,"–ö–∞–Ω–∞–ª –æ–± –∏–Ω–≤–µ—Å—Ç–∏—Ü–∏—è—Ö –Ω–∞ —Ñ–æ–Ω–¥–æ–≤–æ–º —Ä—ã–Ω–∫–µ, —ç–∫–æ–Ω–æ–º–∏–∫–µ –∏ —Ñ–∏–Ω–∞–Ω—Å–∞—Ö.",2021-02-13 12:00:06,485.0
46,–ò—Ä–∏–Ω–∞ –ê—Ä–≥–µ–Ω—Ç–æ–≤–∞ | Pro –∏–Ω–≤–µ—Å—Ç–∏—Ü–∏–∏,34232,https://t.me/finance_for_life,–ü—Ä–æ –∏–Ω–≤–µ—Å—Ç–∏—Ü–∏–∏ –Ω–∞ –ø–æ–Ω—è—Ç–Ω–æ–º —è–∑—ã–∫–µ,2020-07-13 19:33:29,46.0
47,–ö–∞–Ω–∞–ª –ë—Ä–æ–º–±–µ—Ä–≥–∞,33747,https://t.me/unclebromberg,–ü—Ä–æ –∏–Ω–≤–µ—Å—Ç–∏—Ü–∏–∏ –∏ —Ñ–∏–Ω–∞–Ω—Å—ã —á–µ—Å—Ç–Ω–æ.,2019-06-08 18:40:30,3349.0
48,"Abeta - –∞–∫—Ü–∏–∏, –æ–±–ª–∏–≥–∞—Ü–∏–∏, –∞–Ω–∞–ª–∏—Ç–∏–∫–∞",33459,https://t.me/aabeta,–ó–∞–∫—Ä—ã—Ç–∞—è –∞–Ω–∞–ª–∏—Ç–∏–∫–∞ –∏ —Ç–æ—Ä–≥–æ–≤—ã–µ –∏–¥–µ–∏ –∫—Ä—É–ø–Ω–µ–π—à–∏—Ö –∏–Ω–≤–µ—Å—Ç–¥–æ–º–æ–≤ –º–∏—Ä–∞.,2020-02-18 06:34:05,741.0
49,–î–∏–≤–∏–¥–µ–Ω–¥–Ω—ã–π –º–∏–ª–ª–∏–æ–Ω–µ—Ä,33175,https://t.me/Div_millioner,"–í–µ—â–∞—é –æ —Ç–æ–º, –∫–∞–∫ —Å –ø–æ–º–æ—â—å—é –∞–∫—Ü–∏–æ–Ω–µ—Ä—Å–∫–∏—Ö –≤—ã–ø–ª–∞—Ç –ø–æ–ª—É—á–∞—Ç—å –ø–∞—Å—Å–∏–≤–Ω—ã–π –¥–æ—Ö–æ–¥ –Ω–∞ –¥–∏–≤–∏–¥–µ–Ω–¥–∞—Ö –æ—Ç 100,000—Ä –≤ –º–µ—Å—è—Ü",2019-04-22 11:17:56,125.0
50,–î–≤–∏–∂–µ–Ω–∏–µ FIRE,33038,https://t.me/wkpbro,"–ü—É—Ç—å –∫ FIRE —Å –Ω—É–ª—è. –û–±—Ä–µ—Ç–µ–Ω–∏–µ —Ñ–∏–Ω–∞–Ω—Å–æ–≤–æ–π –Ω–µ–∑–∞–≤–∏—Å–∏–º–æ—Å—Ç–∏ –∏ –æ–±–µ—Å–ø–µ—á–µ–Ω–∏–µ –ø–∞—Å—Å–∏–≤–Ω–æ–≥–æ –¥–æ—Ö–æ–¥–∞, –Ω–µ–æ–±—Ö–æ–¥–∏–º–æ–≥–æ –¥–ª—è –∫–æ–º—Ñ–æ—Ä—Ç–Ω–æ–π –∂–∏–∑–Ω–∏. –ò–Ω–≤–µ—Å—Ç–∏—Ü–∏–∏ –≤ —Ñ–æ–Ω–¥–æ–≤—ã–π —Ä—ã–Ω–æ–∫.",2020-01-04 21:44:45,301.0
51,–ö–∞–ø–∏—Ç–∞–ª–æ–ø–µ–¥–∏–Ø |–ò–Ω–≤–µ—Å—Ç –ò–¥–µ–∏,32858,https://t.me/kapitalopedia,–í–æ–∑—å–º–∏ –ø–æ–¥ –∫–æ–Ω—Ç—Ä–æ–ª—å —Å–≤–æ–∏ –¥–µ–Ω—å–≥–∏ –∏ –∑–∞—Å—Ç–∞–≤—å –∏—Ö —Ä–∞–±–æ—Ç–∞—Ç—å,2017-07-30 07:05:33,44.0
52,"–ö–∞–∫ –∂–∏—Ç—å - –Ω–µ —Ç—É–∂–∏—Ç—å‚òùüèª–ò–Ω–≤–µ—Å—Ç–∏—Ü–∏–∏ –≤ –Ω–µ–¥–≤–∏–∂–∏–º–æ—Å—Ç—å, –Ω–æ–≤–æ—Å—Ç—Ä–æ–π–∫–∏, –ø–∞—Å—Å–∏–≤–Ω—ã–π –¥–æ—Ö–æ–¥ –æ—Ç –∞—Ä–µ–Ω–¥—ã –∫–≤–∞—Ä—Ç–∏—Ä.",30992,https://t.me/Kharyb,–°–≤—è–∑—å —Å–æ –º–Ω–æ–π: @Kharybin_Invest –∏–ª–∏ +7 989 841-1451,2019-10-11 20:24:29,587.0
53,–†–æ—Å—Å–∏–π—Å–∫–∏–µ –∞–∫—Ü–∏–∏,29936,https://t.me/russia_companies,–ù–æ–≤–æ—Å—Ç–∏ —Ä–æ—Å—Å–∏–π—Å–∫–∏—Ö –∫–æ–º–ø–∞–Ω–∏–π.,2022-03-29 07:23:32,93.0
54,Cbonds.ru,28760,https://t.me/cbonds,"–û–±–ª–∏–≥–∞—Ü–∏–∏: –ø—Ä–µ–º–∞—Ä–∫–µ—Ç–∏–Ω–≥, –Ω–æ–≤–æ—Å—Ç–∏ –∏ –∞–Ω–∞–ª–∏—Ç–∏–∫–∞ –æ—Ç http://cbonds.ru",2017-07-28 07:13:26,7994.0
55,FA INVESTMENT,28740,https://t.me/fainvestment_channel,"–ò–Ω–≤–µ—Å—Ç–∏—Ü–∏–∏, —Ç—Ä–µ–π–¥–∏–Ω–≥, —ç–∫–æ–Ω–æ–º–∏–∫–∞",2021-03-15 09:06:18,84.0
56,FREEDOM FINANCE OFFICIAL,27697,https://t.me/FREEDOMFINANCE,"Freedom Finance Global. –û—Ñ–∏—Ü–∏–∞–ª—å–Ω—ã–µ –Ω–æ–≤–æ—Å—Ç–∏ –∏ –∞–Ω–æ–Ω—Å—ã, –∏–Ω–≤–µ—Å—Ç–∏—Ü–∏–æ–Ω–Ω—ã–µ –∏–¥–µ–∏, —Å–¥–µ–ª–∫–∏ IPO, —Ä–µ–∫–æ–º–µ–Ω–¥–∞—Ü–∏–∏ –Ω–∞ —Ä—ã–Ω–∫–∞—Ö –°–®–ê –∏ –¥—Ä—É–≥–∏—Ö —Å—Ç—Ä–∞–Ω.",2017-10-13 10:10:56,43.0
58,1 000 –¥–æ–ª–ª–∞—Ä–æ–≤ –¥–∏–≤–∏–¥–µ–Ω–¥–∞–º–∏ | –ê–≤—Ç–æ—Ä—Å–∫–∏–π –±–ª–æ–≥,25853,https://t.me/Dividends_1000,–ü–æ–∫—É–ø–∞—é –∞–º–µ—Ä–∏–∫–∞–Ω—Å–∫–∏–µ –∞–∫—Ü–∏–∏. –ü–æ–ª—É—á–∞—é –¥–∏–≤–∏–¥–µ–Ω–¥—ã. –° –Ω—É–ª—è –¥–æ $1000 –¥–∏–≤–∏–¥–µ–Ω–¥–∞–º–∏ –≤ –º–µ—Å—è—Ü,2019-04-05 07:50:51,480.0
59,MOEX-info,25747,https://t.me/moex_info,–î–∞–Ω–Ω—ã–µ —Å –ú–æ—Å–∫–æ–≤—Å–∫–æ–π –ë–∏—Ä–∂–∏ –≤ —É–¥–æ–±–Ω–æ–π —Ñ–æ—Ä–º–µ.,2020-05-08 08:32:39,5.0
60,–§–æ–Ω–¥—é –∫–∞–∂–¥—ã–π –¥–µ–Ω—å,25702,https://t.me/fondu_10,"–†–µ–≥—É–ª—è—Ä–Ω–æ –≤–∫–ª–∞–¥—ã–≤–∞–µ–º –≤ —Ñ–æ–Ω–¥–æ–≤—ã–π —Ä—ã–Ω–æ–∫ –∏ –ø—É–±–ª–∏—á–Ω–æ –ø–æ–∫–∞–∑—ã–≤–∞–µ–º, —á—Ç–æ –∏–∑ —ç—Ç–æ–≥–æ –ø–æ–ª—É—á–∞–µ—Ç—Å—è!",2016-05-13 09:31:24,983.0
61,–ö–≤–∞–ª–∏—Ñ–∏—Ü–∏—Ä–æ–≤–∞–Ω–Ω—ã–π –∏–Ω–≤–µ—Å—Ç–æ—Ä,24971,https://t.me/investkval,–î–µ–ª—é—Å—å —Ç–æ—Ä–≥–æ–≤—ã–º–∏ –∏–¥–µ—è–º–∏ –∏ –∞–Ω–∞–ª–∏—Ç–∏–∫–æ–π –ø–æ —Ñ–æ–Ω–¥–æ–≤–æ–º—É —Ä—ã–Ω–∫—É - –ë–ï–°–ü–õ–ê–¢–ù–û,2023-03-09 10:55:07,49.0
62,–ü–†–û–ì–ù–û–ó–´ –ü–û –î–ò–í–ò–î–ï–ù–î–ê–ú,24631,https://t.me/divalerts,–ü—Ä–æ–≥–Ω–æ–∑—ã –∞–Ω–∞–ª–∏—Ç–∏—á–µ—Å–∫–∏—Ö –∞–≥–µ–Ω—Ç—Å—Ç–≤ –æ –¥–∏–≤–∏–¥–µ–Ω–¥–∞—Ö —Ä–æ—Å—Å–∏–π—Å–∫–∏—Ö –∫–æ–º–ø–∞–Ω–∏–π  —Ä–µ–∫–ª–∞–º–∞: @investmintru,2019-08-15 00:51:28,58.0
63,Finrange.com | –î–º–∏—Ç—Ä–∏–π –ë–∞–∂–µ–Ω–æ–≤,24355,https://t.me/finrangecom,–¢—Ä–µ–π–¥–µ—Ä –∏ –∫–≤–∞–ª–∏—Ñ–∏—Ü–∏—Ä–æ–≤–∞–Ω–Ω—ã–π –∏–Ω–≤–µ—Å—Ç–æ—Ä. Ex-–Ω–∞—á–∞–ª—å–Ω–∏–∫ –æ—Ç–¥–µ–ª–∞ –∞–Ω–∞–ª–∏–∑–∞ —Ñ–∏–Ω–∞–Ω—Å–æ–≤—ã—Ö —Ä—ã–Ω–∫–æ–≤ –≤ –ö–ò–¢ –§–∏–Ω–∞–Ω—Å –ë—Ä–æ–∫–µ—Ä. –û—Å–Ω–æ–≤–∞—Ç–µ–ª—å —Å–µ—Ä–≤–∏—Å–∞ –ø–æ –∞–Ω–∞–ª–∏–∑—É –∞–∫—Ü–∏–π –¥–ª—è —á–∞—Å—Ç–Ω—ã—Ö –∏–Ω–≤–µ—Å—Ç–æ—Ä–æ–≤ finrange.com.,2018-06-03 08:57:20,12.0
64,PRObonds | –ò–≤–æ–ª–≥–∞ –ö–∞–ø–∏—Ç–∞–ª,24315,https://t.me/probonds,–ü—Ä–æ –≤—ã—Å–æ–∫–æ–¥–æ—Ö–æ–¥–Ω—ã–µ –æ–±–ª–∏–≥–∞—Ü–∏–∏ –∏ –Ω–µ —Ç–æ–ª—å–∫–æ,2018-08-02 11:41:08,88.0
65,Stock News,24064,https://t.me/StockNews100,–ë–∏—Ä–∂–µ–≤—ã–µ –Ω–æ–≤–æ—Å—Ç–∏.,2019-10-18 21:31:47,18062.0
66,–•–µ–¥–ª–∞–π–Ω–µ—Ä. –ë–∏–∑–Ω–µ—Å –ñ—É—Ä–Ω–∞–ª,23931,https://t.me/HeadlinerJournal,–ö—Ä—É–ø–Ω—ã–π –±–∏–∑–Ω–µ—Å–º–µ–Ω –≤—Å–µ–≥–¥–∞ –¥–æ–ª–∂–µ–Ω —Å–ª–µ–¥–∏—Ç—å –∑–∞ —Ç—Ä–µ–Ω–¥–∞–º–∏!,2021-11-08 21:20:30,3410.0
67,P.S investing,23006,https://t.me/malishok_fonda,–õ–∏—á–Ω—ã–π –±–ª–æ–≥ –ü–æ–ø–æ–≤–∞ –°–µ—Ä–≥–µ—è (Malishok),2021-10-23 10:27:37,32.0
68,–£—Å–∏–ª–µ–Ω–Ω—ã–µ –ò–Ω–≤–µ—Å—Ç–∏—Ü–∏–∏,22803,https://t.me/eninv,–ü—É–±–ª–∏—á–Ω—ã–π –∫–∞–Ω–∞–ª –∫–æ–º–ø–∞–Ω–∏–∏ ¬´–£—Å–∏–ª–µ–Ω–Ω—ã–µ –ò–Ω–≤–µ—Å—Ç–∏—Ü–∏–∏¬ª,2020-01-14 20:33:13,272.0
69,–ü–∞—Å—Å–∏–≤–Ω—ã–π –¥–æ—Ö–æ–¥ | –ò–Ω–≤–µ—Å—Ç–∏—Ä–æ–≤–∞–Ω–∏–µ,22417,https://t.me/dohod_investment,"–ü—Ä–æ—Å—Ç–æ –∏ –¥–æ—Å—Ç—É–ø–Ω–æ –æ–± –∏–Ω–≤–µ—Å—Ç–∏—Ü–∏—è—Ö, –ª–∏—á–Ω—ã—Ö —Ñ–∏–Ω–∞–Ω—Å–∞—Ö –∏ —ç–∫–æ–Ω–æ–º–∏–∫–µ.",2020-10-13 13:00:49,2341.0
70,–§—Ä–∏–∫–æ–Ω–æ–º–∏–∫–∞,22285,https://t.me/bancrotto,"–ë–∞–Ω–∫–∏, –¥–µ–Ω—å–≥–∏ –∏ —ç–∫–æ–Ω–æ–º–∏–∫–∞ –±—É–¥—É—â–µ–≥–æ.",2021-09-07 18:36:52,1213.0
71,–ö–∞–ø–∏—Ç–∞–ª,21097,https://t.me/sgcapital,–ö–∞–Ω–∞–ª –°–µ—Ä–≥–µ—è –ì—Ä–∏–≥–æ—Ä—è–Ω–∞.,2017-04-04 20:59:13,72.0
72,–§,20768,https://t.me/progressinvest,–°,2017-02-01 08:46:08,
73,InveStory,20671,https://t.me/investorylife,InveStory ‚Äî –ø—Ä–æ–µ–∫—Ç –ú–∞–∫—Å–∏–º–∞ –ü–∞—Å–∫–∞–Ω–æ–≤–∞ –∏ –í–ª–∞–¥–∏—Å–ª–∞–≤–∞ –†–µ—à–µ—Ç–Ω—è–∫–∞ –æ–± –∏–Ω–≤–µ—Å—Ç–∏—Ü–∏—è—Ö –Ω–∞ —Ñ–æ–Ω–¥–æ–≤–æ–º —Ä—ã–Ω–∫–µ –≤ –∞–∫—Ü–∏–∏.,2019-10-03 01:55:51,20.0
75,INV,20042,https://t.me/inv_invest,–í–∑–≥–ª—è–¥ –Ω–∞ —Ä—ã–Ω–æ–∫,2020-08-14 13:39:49,4346.0
76,–ò–ù–í–ï–°–¢ –ù–ê–í–ò–ì–ê–¢–û–†,19402,https://t.me/Bablopobezhdaetzlo,https://boosty.to/investnavigator,2018-11-15 09:18:37,562.0
77,–¢–æ—Ä–≥—É–µ–º —Å–æ –°—Ç–∞—Ä—ã–º —Ç—Ä–µ–π–¥–µ—Ä–æ–º | –¢—Ä–µ–π–¥–∏–Ω–≥ –∏ –∏–Ω–≤–µ—Å—Ç–∏—Ü–∏–∏,19307,https://t.me/staryy_treyder21,–û—Å–Ω–æ–≤–Ω–æ–π –∫–∞–Ω–∞–ª - https://t.me/+0WaJo7St22w4ZmIy,2020-10-09 16:32:25,1367.0
78,–¢–≤–æ–π –∏–Ω–≤–µ—Å—Ç–æ—Ä,19051,https://t.me/tvoyinv,Ô∏è–¢–æ—Ä–≥–æ–≤–ª—è –Ω–∞ —Ä–æ—Å—Å–∏–π—Å–∫–æ–º —Ä—ã–Ω–∫–µ. –ò–Ω–≤–µ—Å—Ç–∏—Ü–∏–æ–Ω–Ω—ã–µ –∏–¥–µ–∏ –∏ –∞–Ω–∞–ª–∏—Ç–∏–∫–∞.,2020-03-03 15:14:57,1531.0
